duration,flow_count,CPWE,CPRF,RFPSD,RFBSD,CFER
31.746161937713623,1,0.0,10.0799586617067,0.0,0.0,10.0
